{"cameraMode":{"drawMode":0,"name":"Shaded","section":"Shading Mode"},"sceneLighting":true,"audioPlay":false,"sceneViewState":{"showFog":false,"showMaterialUpdate":false,"showSkybox":false,"showFlares":false,"showImageEffects":false,"showParticleSystems":false},"in2DMode":false,"pivot":{"x":-29.13035774230957,"y":-6.83104133605957,"z":21.98911476135254},"rotation":{"x":-0.11758232861757279,"y":0.38285189867019656,"z":-0.04921139031648636,"w":-0.915002167224884},"size":19.287702560424806,"orthographic":false}