{"cameraMode":{"drawMode":0,"name":"Shaded","section":"Shading Mode"},"sceneLighting":true,"audioPlay":false,"sceneViewState":{"showFog":false,"showMaterialUpdate":false,"showSkybox":false,"showFlares":false,"showImageEffects":false,"showParticleSystems":false},"in2DMode":false,"pivot":{"x":3.083019971847534,"y":3.307765245437622,"z":-0.3391905426979065},"rotation":{"x":0.059933148324489596,"y":-0.6873723268508911,"z":0.05701436102390289,"w":0.7216676473617554},"size":3.395690679550171,"orthographic":false}