{"cameraMode":{"drawMode":0,"name":"Shaded","section":"Shading Mode"},"sceneLighting":true,"audioPlay":false,"sceneViewState":{"showFog":false,"showMaterialUpdate":false,"showSkybox":false,"showFlares":false,"showImageEffects":false,"showParticleSystems":false},"in2DMode":false,"pivot":{"x":-4.596593379974365,"y":4.592545986175537,"z":10.915811538696289},"rotation":{"x":-0.00029361070482991636,"y":0.3175058364868164,"z":-0.00009818097169045359,"w":-0.9482582807540894},"size":10.449999809265137,"orthographic":false}