{"cameraMode":{"drawMode":0,"name":"Shaded","section":"Shading Mode"},"sceneLighting":true,"audioPlay":false,"sceneViewState":{"showFog":false,"showMaterialUpdate":false,"showSkybox":false,"showFlares":false,"showImageEffects":false,"showParticleSystems":false},"in2DMode":false,"pivot":{"x":-8.94119644165039,"y":0.7440414428710938,"z":29.125228881835939},"rotation":{"x":-0.2381955236196518,"y":-0.6506017446517944,"z":0.2263491451740265,"w":-0.6846510767936707},"size":13.601520538330079,"orthographic":false}