{"cameraMode":{"drawMode":0,"name":"Shaded","section":"Shading Mode"},"sceneLighting":true,"audioPlay":false,"sceneViewState":{"showFog":false,"showMaterialUpdate":false,"showSkybox":false,"showFlares":false,"showImageEffects":false,"showParticleSystems":false},"in2DMode":false,"pivot":{"x":2.057415008544922,"y":-5.396980285644531,"z":45.10930633544922},"rotation":{"x":-0.29185742139816286,"y":0.5819154381752014,"z":-0.2353375256061554,"w":-0.721671998500824},"size":33.09668731689453,"orthographic":false}